"Angle","Shift_X","Shift_Y","mIoU"
"-0.7","-80","-80","0.665"
"-0.7","-80","-60","0.663"
"-0.7","-80","-40","0.663"
"-0.7","-80","-20","0.664"
"-0.7","-80","0","0.664"
"-0.7","-80","20","0.662"
"-0.7","-80","40","0.664"
"-0.7","-80","60","0.668"
"-0.7","-80","80","0.674"
"-0.7","-60","-80","0.664"
"-0.7","-60","-60","0.662"
"-0.7","-60","-40","0.66"
"-0.7","-60","-20","0.661"
"-0.7","-60","0","0.661"
"-0.7","-60","20","0.663"
"-0.7","-60","40","0.66"
"-0.7","-60","60","0.666"
"-0.7","-60","80","0.668"
"-0.7","-40","-80","0.661"
"-0.7","-40","-60","0.658"
"-0.7","-40","-40","0.662"
"-0.7","-40","-20","0.659"
"-0.7","-40","0","0.66"
"-0.7","-40","20","0.66"
"-0.7","-40","40","0.661"
"-0.7","-40","60","0.663"
"-0.7","-40","80","0.668"
"-0.7","-20","-80","0.661"
"-0.7","-20","-60","0.659"
"-0.7","-20","-40","0.657"
"-0.7","-20","-20","0.656"
"-0.7","-20","0","0.658"
"-0.7","-20","20","0.66"
"-0.7","-20","40","0.659"
"-0.7","-20","60","0.663"
"-0.7","-20","80","0.665"
"-0.7","0","-80","0.652"
"-0.7","0","-60","0.649"
"-0.7","0","-40","0.65"
"-0.7","0","-20","0.65"
"-0.7","0","0","0.651"
"-0.7","0","20","0.651"
"-0.7","0","40","0.653"
"-0.7","0","60","0.657"
"-0.7","0","80","0.661"
"-0.7","20","-80","0.656"
"-0.7","20","-60","0.655"
"-0.7","20","-40","0.656"
"-0.7","20","-20","0.655"
"-0.7","20","0","0.655"
"-0.7","20","20","0.657"
"-0.7","20","40","0.656"
"-0.7","20","60","0.661"
"-0.7","20","80","0.662"
"-0.7","40","-80","0.657"
"-0.7","40","-60","0.653"
"-0.7","40","-40","0.657"
"-0.7","40","-20","0.655"
"-0.7","40","0","0.656"
"-0.7","40","20","0.658"
"-0.7","40","40","0.658"
"-0.7","40","60","0.659"
"-0.7","40","80","0.663"
"-0.7","60","-80","0.661"
"-0.7","60","-60","0.659"
"-0.7","60","-40","0.658"
"-0.7","60","-20","0.658"
"-0.7","60","0","0.66"
"-0.7","60","20","0.662"
"-0.7","60","40","0.66"
"-0.7","60","60","0.664"
"-0.7","60","80","0.668"
"-0.7","80","-80","0.666"
"-0.7","80","-60","0.66"
"-0.7","80","-40","0.661"
"-0.7","80","-20","0.661"
"-0.7","80","0","0.663"
"-0.7","80","20","0.661"
"-0.7","80","40","0.662"
"-0.7","80","60","0.667"
"-0.7","80","80","0.671"
"-0.65","-80","-80","0.68"
"-0.65","-80","-60","0.674"
"-0.65","-80","-40","0.675"
"-0.65","-80","-20","0.673"
"-0.65","-80","0","0.678"
"-0.65","-80","20","0.676"
"-0.65","-80","40","0.675"
"-0.65","-80","60","0.676"
"-0.65","-80","80","0.684"
"-0.65","-60","-80","0.675"
"-0.65","-60","-60","0.67"
"-0.65","-60","-40","0.672"
"-0.65","-60","-20","0.669"
"-0.65","-60","0","0.672"
"-0.65","-60","20","0.674"
"-0.65","-60","40","0.673"
"-0.65","-60","60","0.673"
"-0.65","-60","80","0.679"
"-0.65","-40","-80","0.67"
"-0.65","-40","-60","0.665"
"-0.65","-40","-40","0.669"
"-0.65","-40","-20","0.668"
"-0.65","-40","0","0.669"
"-0.65","-40","20","0.668"
"-0.65","-40","40","0.67"
"-0.65","-40","60","0.671"
"-0.65","-40","80","0.674"
"-0.65","-20","-80","0.667"
"-0.65","-20","-60","0.662"
"-0.65","-20","-40","0.668"
"-0.65","-20","-20","0.664"
"-0.65","-20","0","0.666"
"-0.65","-20","20","0.666"
"-0.65","-20","40","0.671"
"-0.65","-20","60","0.669"
"-0.65","-20","80","0.673"
"-0.65","0","-80","0.664"
"-0.65","0","-60","0.66"
"-0.65","0","-40","0.664"
"-0.65","0","-20","0.658"
"-0.65","0","0","0.663"
"-0.65","0","20","0.664"
"-0.65","0","40","0.666"
"-0.65","0","60","0.665"
"-0.65","0","80","0.672"
"-0.65","20","-80","0.667"
"-0.65","20","-60","0.663"
"-0.65","20","-40","0.665"
"-0.65","20","-20","0.663"
"-0.65","20","0","0.664"
"-0.65","20","20","0.667"
"-0.65","20","40","0.669"
"-0.65","20","60","0.668"
"-0.65","20","80","0.673"
"-0.65","40","-80","0.669"
"-0.65","40","-60","0.665"
"-0.65","40","-40","0.666"
"-0.65","40","-20","0.665"
"-0.65","40","0","0.668"
"-0.65","40","20","0.668"
"-0.65","40","40","0.668"
"-0.65","40","60","0.67"
"-0.65","40","80","0.674"
"-0.65","60","-80","0.67"
"-0.65","60","-60","0.666"
"-0.65","60","-40","0.67"
"-0.65","60","-20","0.668"
"-0.65","60","0","0.669"
"-0.65","60","20","0.67"
"-0.65","60","40","0.673"
"-0.65","60","60","0.672"
"-0.65","60","80","0.676"
"-0.65","80","-80","0.672"
"-0.65","80","-60","0.67"
"-0.65","80","-40","0.674"
"-0.65","80","-20","0.669"
"-0.65","80","0","0.673"
"-0.65","80","20","0.674"
"-0.65","80","40","0.675"
"-0.65","80","60","0.674"
"-0.65","80","80","0.68"
"-0.6","-80","-80","0.686"
"-0.6","-80","-60","0.686"
"-0.6","-80","-40","0.683"
"-0.6","-80","-20","0.686"
"-0.6","-80","0","0.683"
"-0.6","-80","20","0.686"
"-0.6","-80","40","0.684"
"-0.6","-80","60","0.691"
"-0.6","-80","80","0.688"
"-0.6","-60","-80","0.685"
"-0.6","-60","-60","0.684"
"-0.6","-60","-40","0.681"
"-0.6","-60","-20","0.685"
"-0.6","-60","0","0.683"
"-0.6","-60","20","0.685"
"-0.6","-60","40","0.683"
"-0.6","-60","60","0.686"
"-0.6","-60","80","0.69"
"-0.6","-40","-80","0.68"
"-0.6","-40","-60","0.676"
"-0.6","-40","-40","0.678"
"-0.6","-40","-20","0.679"
"-0.6","-40","0","0.678"
"-0.6","-40","20","0.679"
"-0.6","-40","40","0.678"
"-0.6","-40","60","0.682"
"-0.6","-40","80","0.685"
"-0.6","-20","-80","0.676"
"-0.6","-20","-60","0.673"
"-0.6","-20","-40","0.674"
"-0.6","-20","-20","0.678"
"-0.6","-20","0","0.675"
"-0.6","-20","20","0.675"
"-0.6","-20","40","0.675"
"-0.6","-20","60","0.681"
"-0.6","-20","80","0.683"
"-0.6","0","-80","0.673"
"-0.6","0","-60","0.672"
"-0.6","0","-40","0.67"
"-0.6","0","-20","0.673"
"-0.6","0","0","0.669"
"-0.6","0","20","0.674"
"-0.6","0","40","0.673"
"-0.6","0","60","0.678"
"-0.6","0","80","0.678"
"-0.6","20","-80","0.677"
"-0.6","20","-60","0.676"
"-0.6","20","-40","0.674"
"-0.6","20","-20","0.677"
"-0.6","20","0","0.674"
"-0.6","20","20","0.678"
"-0.6","20","40","0.677"
"-0.6","20","60","0.68"
"-0.6","20","80","0.683"
"-0.6","40","-80","0.676"
"-0.6","40","-60","0.672"
"-0.6","40","-40","0.673"
"-0.6","40","-20","0.674"
"-0.6","40","0","0.674"
"-0.6","40","20","0.676"
"-0.6","40","40","0.675"
"-0.6","40","60","0.68"
"-0.6","40","80","0.683"
"-0.6","60","-80","0.678"
"-0.6","60","-60","0.675"
"-0.6","60","-40","0.674"
"-0.6","60","-20","0.678"
"-0.6","60","0","0.677"
"-0.6","60","20","0.677"
"-0.6","60","40","0.676"
"-0.6","60","60","0.68"
"-0.6","60","80","0.684"
"-0.6","80","-80","0.68"
"-0.6","80","-60","0.68"
"-0.6","80","-40","0.677"
"-0.6","80","-20","0.682"
"-0.6","80","0","0.678"
"-0.6","80","20","0.681"
"-0.6","80","40","0.678"
"-0.6","80","60","0.685"
"-0.6","80","80","0.683"
"-0.55","-80","-80","0.696"
"-0.55","-80","-60","0.696"
"-0.55","-80","-40","0.695"
"-0.55","-80","-20","0.697"
"-0.55","-80","0","0.693"
"-0.55","-80","20","0.696"
"-0.55","-80","40","0.699"
"-0.55","-80","60","0.699"
"-0.55","-80","80","0.698"
"-0.55","-60","-80","0.692"
"-0.55","-60","-60","0.692"
"-0.55","-60","-40","0.69"
"-0.55","-60","-20","0.69"
"-0.55","-60","0","0.689"
"-0.55","-60","20","0.694"
"-0.55","-60","40","0.694"
"-0.55","-60","60","0.695"
"-0.55","-60","80","0.695"
"-0.55","-40","-80","0.69"
"-0.55","-40","-60","0.691"
"-0.55","-40","-40","0.691"
"-0.55","-40","-20","0.689"
"-0.55","-40","0","0.688"
"-0.55","-40","20","0.693"
"-0.55","-40","40","0.694"
"-0.55","-40","60","0.693"
"-0.55","-40","80","0.693"
"-0.55","-20","-80","0.686"
"-0.55","-20","-60","0.686"
"-0.55","-20","-40","0.688"
"-0.55","-20","-20","0.687"
"-0.55","-20","0","0.684"
"-0.55","-20","20","0.688"
"-0.55","-20","40","0.691"
"-0.55","-20","60","0.692"
"-0.55","-20","80","0.69"
"-0.55","0","-80","0.68"
"-0.55","0","-60","0.681"
"-0.55","0","-40","0.683"
"-0.55","0","-20","0.683"
"-0.55","0","0","0.679"
"-0.55","0","20","0.684"
"-0.55","0","40","0.688"
"-0.55","0","60","0.689"
"-0.55","0","80","0.689"
"-0.55","20","-80","0.684"
"-0.55","20","-60","0.685"
"-0.55","20","-40","0.684"
"-0.55","20","-20","0.683"
"-0.55","20","0","0.682"
"-0.55","20","20","0.686"
"-0.55","20","40","0.687"
"-0.55","20","60","0.689"
"-0.55","20","80","0.689"
"-0.55","40","-80","0.687"
"-0.55","40","-60","0.688"
"-0.55","40","-40","0.687"
"-0.55","40","-20","0.686"
"-0.55","40","0","0.685"
"-0.55","40","20","0.689"
"-0.55","40","40","0.691"
"-0.55","40","60","0.691"
"-0.55","40","80","0.692"
"-0.55","60","-80","0.687"
"-0.55","60","-60","0.685"
"-0.55","60","-40","0.688"
"-0.55","60","-20","0.688"
"-0.55","60","0","0.686"
"-0.55","60","20","0.688"
"-0.55","60","40","0.69"
"-0.55","60","60","0.691"
"-0.55","60","80","0.691"
"-0.55","80","-80","0.685"
"-0.55","80","-60","0.688"
"-0.55","80","-40","0.688"
"-0.55","80","-20","0.688"
"-0.55","80","0","0.684"
"-0.55","80","20","0.688"
"-0.55","80","40","0.693"
"-0.55","80","60","0.693"
"-0.55","80","80","0.692"
"-0.5","-80","-80","0.706"
"-0.5","-80","-60","0.709"
"-0.5","-80","-40","0.71"
"-0.5","-80","-20","0.707"
"-0.5","-80","0","0.703"
"-0.5","-80","20","0.709"
"-0.5","-80","40","0.712"
"-0.5","-80","60","0.712"
"-0.5","-80","80","0.709"
"-0.5","-60","-80","0.705"
"-0.5","-60","-60","0.704"
"-0.5","-60","-40","0.705"
"-0.5","-60","-20","0.702"
"-0.5","-60","0","0.699"
"-0.5","-60","20","0.704"
"-0.5","-60","40","0.708"
"-0.5","-60","60","0.706"
"-0.5","-60","80","0.704"
"-0.5","-40","-80","0.697"
"-0.5","-40","-60","0.703"
"-0.5","-40","-40","0.703"
"-0.5","-40","-20","0.704"
"-0.5","-40","0","0.696"
"-0.5","-40","20","0.704"
"-0.5","-40","40","0.707"
"-0.5","-40","60","0.708"
"-0.5","-40","80","0.702"
"-0.5","-20","-80","0.7"
"-0.5","-20","-60","0.699"
"-0.5","-20","-40","0.702"
"-0.5","-20","-20","0.699"
"-0.5","-20","0","0.697"
"-0.5","-20","20","0.7"
"-0.5","-20","40","0.705"
"-0.5","-20","60","0.703"
"-0.5","-20","80","0.701"
"-0.5","0","-80","0.692"
"-0.5","0","-60","0.697"
"-0.5","0","-40","0.698"
"-0.5","0","-20","0.693"
"-0.5","0","0","0.69"
"-0.5","0","20","0.699"
"-0.5","0","40","0.703"
"-0.5","0","60","0.7"
"-0.5","0","80","0.699"
"-0.5","20","-80","0.697"
"-0.5","20","-60","0.698"
"-0.5","20","-40","0.7"
"-0.5","20","-20","0.696"
"-0.5","20","0","0.693"
"-0.5","20","20","0.698"
"-0.5","20","40","0.704"
"-0.5","20","60","0.702"
"-0.5","20","80","0.7"
"-0.5","40","-80","0.696"
"-0.5","40","-60","0.699"
"-0.5","40","-40","0.701"
"-0.5","40","-20","0.7"
"-0.5","40","0","0.692"
"-0.5","40","20","0.7"
"-0.5","40","40","0.705"
"-0.5","40","60","0.706"
"-0.5","40","80","0.701"
"-0.5","60","-80","0.7"
"-0.5","60","-60","0.698"
"-0.5","60","-40","0.702"
"-0.5","60","-20","0.699"
"-0.5","60","0","0.697"
"-0.5","60","20","0.7"
"-0.5","60","40","0.706"
"-0.5","60","60","0.704"
"-0.5","60","80","0.703"
"-0.5","80","-80","0.696"
"-0.5","80","-60","0.703"
"-0.5","80","-40","0.703"
"-0.5","80","-20","0.697"
"-0.5","80","0","0.694"
"-0.5","80","20","0.703"
"-0.5","80","40","0.707"
"-0.5","80","60","0.704"
"-0.5","80","80","0.702"
"-0.45","-80","-80","0.721"
"-0.45","-80","-60","0.72"
"-0.45","-80","-40","0.721"
"-0.45","-80","-20","0.719"
"-0.45","-80","0","0.717"
"-0.45","-80","20","0.72"
"-0.45","-80","40","0.724"
"-0.45","-80","60","0.725"
"-0.45","-80","80","0.724"
"-0.45","-60","-80","0.719"
"-0.45","-60","-60","0.716"
"-0.45","-60","-40","0.715"
"-0.45","-60","-20","0.715"
"-0.45","-60","0","0.713"
"-0.45","-60","20","0.715"
"-0.45","-60","40","0.716"
"-0.45","-60","60","0.719"
"-0.45","-60","80","0.72"
"-0.45","-40","-80","0.715"
"-0.45","-40","-60","0.714"
"-0.45","-40","-40","0.713"
"-0.45","-40","-20","0.711"
"-0.45","-40","0","0.71"
"-0.45","-40","20","0.714"
"-0.45","-40","40","0.715"
"-0.45","-40","60","0.715"
"-0.45","-40","80","0.718"
"-0.45","-20","-80","0.712"
"-0.45","-20","-60","0.712"
"-0.45","-20","-40","0.71"
"-0.45","-20","-20","0.71"
"-0.45","-20","0","0.71"
"-0.45","-20","20","0.712"
"-0.45","-20","40","0.714"
"-0.45","-20","60","0.715"
"-0.45","-20","80","0.718"
"-0.45","0","-80","0.71"
"-0.45","0","-60","0.708"
"-0.45","0","-40","0.71"
"-0.45","0","-20","0.706"
"-0.45","0","0","0.705"
"-0.45","0","20","0.71"
"-0.45","0","40","0.714"
"-0.45","0","60","0.713"
"-0.45","0","80","0.716"
"-0.45","20","-80","0.713"
"-0.45","20","-60","0.71"
"-0.45","20","-40","0.708"
"-0.45","20","-20","0.707"
"-0.45","20","0","0.706"
"-0.45","20","20","0.71"
"-0.45","20","40","0.711"
"-0.45","20","60","0.714"
"-0.45","20","80","0.716"
"-0.45","40","-80","0.71"
"-0.45","40","-60","0.71"
"-0.45","40","-40","0.71"
"-0.45","40","-20","0.707"
"-0.45","40","0","0.706"
"-0.45","40","20","0.711"
"-0.45","40","40","0.713"
"-0.45","40","60","0.713"
"-0.45","40","80","0.715"
"-0.45","60","-80","0.71"
"-0.45","60","-60","0.711"
"-0.45","60","-40","0.71"
"-0.45","60","-20","0.71"
"-0.45","60","0","0.709"
"-0.45","60","20","0.713"
"-0.45","60","40","0.714"
"-0.45","60","60","0.716"
"-0.45","60","80","0.718"
"-0.45","80","-80","0.715"
"-0.45","80","-60","0.716"
"-0.45","80","-40","0.717"
"-0.45","80","-20","0.714"
"-0.45","80","0","0.712"
"-0.45","80","20","0.718"
"-0.45","80","40","0.722"
"-0.45","80","60","0.72"
"-0.45","80","80","0.719"
"-0.4","-80","-80","0.734"
"-0.4","-80","-60","0.732"
"-0.4","-80","-40","0.733"
"-0.4","-80","-20","0.73"
"-0.4","-80","0","0.73"
"-0.4","-80","20","0.731"
"-0.4","-80","40","0.733"
"-0.4","-80","60","0.736"
"-0.4","-80","80","0.737"
"-0.4","-60","-80","0.728"
"-0.4","-60","-60","0.728"
"-0.4","-60","-40","0.728"
"-0.4","-60","-20","0.726"
"-0.4","-60","0","0.724"
"-0.4","-60","20","0.727"
"-0.4","-60","40","0.728"
"-0.4","-60","60","0.731"
"-0.4","-60","80","0.733"
"-0.4","-40","-80","0.728"
"-0.4","-40","-60","0.725"
"-0.4","-40","-40","0.726"
"-0.4","-40","-20","0.726"
"-0.4","-40","0","0.723"
"-0.4","-40","20","0.724"
"-0.4","-40","40","0.726"
"-0.4","-40","60","0.728"
"-0.4","-40","80","0.73"
"-0.4","-20","-80","0.726"
"-0.4","-20","-60","0.724"
"-0.4","-20","-40","0.723"
"-0.4","-20","-20","0.725"
"-0.4","-20","0","0.722"
"-0.4","-20","20","0.724"
"-0.4","-20","40","0.725"
"-0.4","-20","60","0.728"
"-0.4","-20","80","0.729"
"-0.4","0","-80","0.724"
"-0.4","0","-60","0.721"
"-0.4","0","-40","0.723"
"-0.4","0","-20","0.719"
"-0.4","0","0","0.719"
"-0.4","0","20","0.721"
"-0.4","0","40","0.725"
"-0.4","0","60","0.724"
"-0.4","0","80","0.729"
"-0.4","20","-80","0.724"
"-0.4","20","-60","0.722"
"-0.4","20","-40","0.724"
"-0.4","20","-20","0.721"
"-0.4","20","0","0.718"
"-0.4","20","20","0.722"
"-0.4","20","40","0.726"
"-0.4","20","60","0.728"
"-0.4","20","80","0.73"
"-0.4","40","-80","0.721"
"-0.4","40","-60","0.721"
"-0.4","40","-40","0.723"
"-0.4","40","-20","0.721"
"-0.4","40","0","0.717"
"-0.4","40","20","0.721"
"-0.4","40","40","0.725"
"-0.4","40","60","0.727"
"-0.4","40","80","0.728"
"-0.4","60","-80","0.723"
"-0.4","60","-60","0.724"
"-0.4","60","-40","0.723"
"-0.4","60","-20","0.724"
"-0.4","60","0","0.721"
"-0.4","60","20","0.724"
"-0.4","60","40","0.727"
"-0.4","60","60","0.73"
"-0.4","60","80","0.729"
"-0.4","80","-80","0.729"
"-0.4","80","-60","0.729"
"-0.4","80","-40","0.729"
"-0.4","80","-20","0.726"
"-0.4","80","0","0.728"
"-0.4","80","20","0.73"
"-0.4","80","40","0.733"
"-0.4","80","60","0.731"
"-0.4","80","80","0.735"
"-0.35","-80","-80","0.748"
"-0.35","-80","-60","0.743"
"-0.35","-80","-40","0.744"
"-0.35","-80","-20","0.743"
"-0.35","-80","0","0.743"
"-0.35","-80","20","0.744"
"-0.35","-80","40","0.745"
"-0.35","-80","60","0.745"
"-0.35","-80","80","0.75"
"-0.35","-60","-80","0.741"
"-0.35","-60","-60","0.74"
"-0.35","-60","-40","0.741"
"-0.35","-60","-20","0.739"
"-0.35","-60","0","0.738"
"-0.35","-60","20","0.739"
"-0.35","-60","40","0.741"
"-0.35","-60","60","0.742"
"-0.35","-60","80","0.746"
"-0.35","-40","-80","0.738"
"-0.35","-40","-60","0.734"
"-0.35","-40","-40","0.735"
"-0.35","-40","-20","0.736"
"-0.35","-40","0","0.736"
"-0.35","-40","20","0.735"
"-0.35","-40","40","0.737"
"-0.35","-40","60","0.738"
"-0.35","-40","80","0.742"
"-0.35","-20","-80","0.736"
"-0.35","-20","-60","0.733"
"-0.35","-20","-40","0.734"
"-0.35","-20","-20","0.732"
"-0.35","-20","0","0.735"
"-0.35","-20","20","0.735"
"-0.35","-20","40","0.735"
"-0.35","-20","60","0.737"
"-0.35","-20","80","0.742"
"-0.35","0","-80","0.737"
"-0.35","0","-60","0.735"
"-0.35","0","-40","0.735"
"-0.35","0","-20","0.732"
"-0.35","0","0","0.732"
"-0.35","0","20","0.736"
"-0.35","0","40","0.736"
"-0.35","0","60","0.737"
"-0.35","0","80","0.742"
"-0.35","20","-80","0.737"
"-0.35","20","-60","0.737"
"-0.35","20","-40","0.736"
"-0.35","20","-20","0.734"
"-0.35","20","0","0.734"
"-0.35","20","20","0.738"
"-0.35","20","40","0.739"
"-0.35","20","60","0.738"
"-0.35","20","80","0.743"
"-0.35","40","-80","0.734"
"-0.35","40","-60","0.732"
"-0.35","40","-40","0.734"
"-0.35","40","-20","0.734"
"-0.35","40","0","0.733"
"-0.35","40","20","0.733"
"-0.35","40","40","0.736"
"-0.35","40","60","0.738"
"-0.35","40","80","0.741"
"-0.35","60","-80","0.732"
"-0.35","60","-60","0.731"
"-0.35","60","-40","0.732"
"-0.35","60","-20","0.73"
"-0.35","60","0","0.732"
"-0.35","60","20","0.734"
"-0.35","60","40","0.735"
"-0.35","60","60","0.736"
"-0.35","60","80","0.74"
"-0.35","80","-80","0.74"
"-0.35","80","-60","0.74"
"-0.35","80","-40","0.742"
"-0.35","80","-20","0.739"
"-0.35","80","0","0.739"
"-0.35","80","20","0.743"
"-0.35","80","40","0.744"
"-0.35","80","60","0.743"
"-0.35","80","80","0.746"
"-0.3","-80","-80","0.76"
"-0.3","-80","-60","0.756"
"-0.3","-80","-40","0.755"
"-0.3","-80","-20","0.755"
"-0.3","-80","0","0.756"
"-0.3","-80","20","0.755"
"-0.3","-80","40","0.757"
"-0.3","-80","60","0.758"
"-0.3","-80","80","0.76"
"-0.3","-60","-80","0.752"
"-0.3","-60","-60","0.753"
"-0.3","-60","-40","0.752"
"-0.3","-60","-20","0.748"
"-0.3","-60","0","0.749"
"-0.3","-60","20","0.751"
"-0.3","-60","40","0.751"
"-0.3","-60","60","0.749"
"-0.3","-60","80","0.749"
"-0.3","-40","-80","0.753"
"-0.3","-40","-60","0.75"
"-0.3","-40","-40","0.748"
"-0.3","-40","-20","0.747"
"-0.3","-40","0","0.748"
"-0.3","-40","20","0.75"
"-0.3","-40","40","0.75"
"-0.3","-40","60","0.75"
"-0.3","-40","80","0.752"
"-0.3","-20","-80","0.749"
"-0.3","-20","-60","0.746"
"-0.3","-20","-40","0.745"
"-0.3","-20","-20","0.745"
"-0.3","-20","0","0.745"
"-0.3","-20","20","0.746"
"-0.3","-20","40","0.747"
"-0.3","-20","60","0.749"
"-0.3","-20","80","0.749"
"-0.3","0","-80","0.749"
"-0.3","0","-60","0.746"
"-0.3","0","-40","0.744"
"-0.3","0","-20","0.745"
"-0.3","0","0","0.745"
"-0.3","0","20","0.747"
"-0.3","0","40","0.746"
"-0.3","0","60","0.749"
"-0.3","0","80","0.75"
"-0.3","20","-80","0.749"
"-0.3","20","-60","0.747"
"-0.3","20","-40","0.747"
"-0.3","20","-20","0.744"
"-0.3","20","0","0.745"
"-0.3","20","20","0.746"
"-0.3","20","40","0.748"
"-0.3","20","60","0.748"
"-0.3","20","80","0.749"
"-0.3","40","-80","0.746"
"-0.3","40","-60","0.744"
"-0.3","40","-40","0.745"
"-0.3","40","-20","0.744"
"-0.3","40","0","0.741"
"-0.3","40","20","0.747"
"-0.3","40","40","0.748"
"-0.3","40","60","0.747"
"-0.3","40","80","0.749"
"-0.3","60","-80","0.743"
"-0.3","60","-60","0.742"
"-0.3","60","-40","0.743"
"-0.3","60","-20","0.744"
"-0.3","60","0","0.743"
"-0.3","60","20","0.745"
"-0.3","60","40","0.748"
"-0.3","60","60","0.748"
"-0.3","60","80","0.748"
"-0.3","80","-80","0.749"
"-0.3","80","-60","0.748"
"-0.3","80","-40","0.75"
"-0.3","80","-20","0.748"
"-0.3","80","0","0.748"
"-0.3","80","20","0.752"
"-0.3","80","40","0.754"
"-0.3","80","60","0.754"
"-0.3","80","80","0.754"
"-0.25","-80","-80","0.761"
"-0.25","-80","-60","0.762"
"-0.25","-80","-40","0.762"
"-0.25","-80","-20","0.762"
"-0.25","-80","0","0.761"
"-0.25","-80","20","0.763"
"-0.25","-80","40","0.764"
"-0.25","-80","60","0.766"
"-0.25","-80","80","0.766"
"-0.25","-60","-80","0.763"
"-0.25","-60","-60","0.76"
"-0.25","-60","-40","0.762"
"-0.25","-60","-20","0.761"
"-0.25","-60","0","0.761"
"-0.25","-60","20","0.761"
"-0.25","-60","40","0.762"
"-0.25","-60","60","0.764"
"-0.25","-60","80","0.763"
"-0.25","-40","-80","0.762"
"-0.25","-40","-60","0.761"
"-0.25","-40","-40","0.761"
"-0.25","-40","-20","0.758"
"-0.25","-40","0","0.761"
"-0.25","-40","20","0.761"
"-0.25","-40","40","0.763"
"-0.25","-40","60","0.762"
"-0.25","-40","80","0.761"
"-0.25","-20","-80","0.76"
"-0.25","-20","-60","0.761"
"-0.25","-20","-40","0.761"
"-0.25","-20","-20","0.756"
"-0.25","-20","0","0.759"
"-0.25","-20","20","0.762"
"-0.25","-20","40","0.762"
"-0.25","-20","60","0.762"
"-0.25","-20","80","0.763"
"-0.25","0","-80","0.755"
"-0.25","0","-60","0.755"
"-0.25","0","-40","0.756"
"-0.25","0","-20","0.754"
"-0.25","0","0","0.754"
"-0.25","0","20","0.756"
"-0.25","0","40","0.756"
"-0.25","0","60","0.757"
"-0.25","0","80","0.757"
"-0.25","20","-80","0.758"
"-0.25","20","-60","0.756"
"-0.25","20","-40","0.759"
"-0.25","20","-20","0.756"
"-0.25","20","0","0.758"
"-0.25","20","20","0.758"
"-0.25","20","40","0.758"
"-0.25","20","60","0.76"
"-0.25","20","80","0.76"
"-0.25","40","-80","0.756"
"-0.25","40","-60","0.756"
"-0.25","40","-40","0.758"
"-0.25","40","-20","0.754"
"-0.25","40","0","0.758"
"-0.25","40","20","0.757"
"-0.25","40","40","0.76"
"-0.25","40","60","0.759"
"-0.25","40","80","0.761"
"-0.25","60","-80","0.757"
"-0.25","60","-60","0.76"
"-0.25","60","-40","0.76"
"-0.25","60","-20","0.756"
"-0.25","60","0","0.759"
"-0.25","60","20","0.761"
"-0.25","60","40","0.761"
"-0.25","60","60","0.761"
"-0.25","60","80","0.761"
"-0.25","80","-80","0.757"
"-0.25","80","-60","0.759"
"-0.25","80","-40","0.759"
"-0.25","80","-20","0.758"
"-0.25","80","0","0.76"
"-0.25","80","20","0.761"
"-0.25","80","40","0.76"
"-0.25","80","60","0.762"
"-0.25","80","80","0.761"
"-0.2","-80","-80","0.772"
"-0.2","-80","-60","0.771"
"-0.2","-80","-40","0.768"
"-0.2","-80","-20","0.768"
"-0.2","-80","0","0.773"
"-0.2","-80","20","0.773"
"-0.2","-80","40","0.773"
"-0.2","-80","60","0.775"
"-0.2","-80","80","0.777"
"-0.2","-60","-80","0.77"
"-0.2","-60","-60","0.769"
"-0.2","-60","-40","0.769"
"-0.2","-60","-20","0.77"
"-0.2","-60","0","0.771"
"-0.2","-60","20","0.771"
"-0.2","-60","40","0.774"
"-0.2","-60","60","0.776"
"-0.2","-60","80","0.775"
"-0.2","-40","-80","0.769"
"-0.2","-40","-60","0.768"
"-0.2","-40","-40","0.768"
"-0.2","-40","-20","0.769"
"-0.2","-40","0","0.77"
"-0.2","-40","20","0.771"
"-0.2","-40","40","0.773"
"-0.2","-40","60","0.773"
"-0.2","-40","80","0.772"
"-0.2","-20","-80","0.768"
"-0.2","-20","-60","0.767"
"-0.2","-20","-40","0.768"
"-0.2","-20","-20","0.767"
"-0.2","-20","0","0.769"
"-0.2","-20","20","0.769"
"-0.2","-20","40","0.772"
"-0.2","-20","60","0.775"
"-0.2","-20","80","0.772"
"-0.2","0","-80","0.764"
"-0.2","0","-60","0.765"
"-0.2","0","-40","0.763"
"-0.2","0","-20","0.761"
"-0.2","0","0","0.763"
"-0.2","0","20","0.766"
"-0.2","0","40","0.767"
"-0.2","0","60","0.768"
"-0.2","0","80","0.768"
"-0.2","20","-80","0.766"
"-0.2","20","-60","0.766"
"-0.2","20","-40","0.763"
"-0.2","20","-20","0.766"
"-0.2","20","0","0.767"
"-0.2","20","20","0.767"
"-0.2","20","40","0.768"
"-0.2","20","60","0.772"
"-0.2","20","80","0.77"
"-0.2","40","-80","0.764"
"-0.2","40","-60","0.765"
"-0.2","40","-40","0.764"
"-0.2","40","-20","0.766"
"-0.2","40","0","0.767"
"-0.2","40","20","0.767"
"-0.2","40","40","0.768"
"-0.2","40","60","0.771"
"-0.2","40","80","0.769"
"-0.2","60","-80","0.764"
"-0.2","60","-60","0.767"
"-0.2","60","-40","0.768"
"-0.2","60","-20","0.77"
"-0.2","60","0","0.769"
"-0.2","60","20","0.77"
"-0.2","60","40","0.77"
"-0.2","60","60","0.776"
"-0.2","60","80","0.77"
"-0.2","80","-80","0.764"
"-0.2","80","-60","0.766"
"-0.2","80","-40","0.766"
"-0.2","80","-20","0.767"
"-0.2","80","0","0.768"
"-0.2","80","20","0.77"
"-0.2","80","40","0.769"
"-0.2","80","60","0.772"
"-0.2","80","80","0.769"
"-0.15","-80","-80","0.778"
"-0.15","-80","-60","0.778"
"-0.15","-80","-40","0.778"
"-0.15","-80","-20","0.779"
"-0.15","-80","0","0.781"
"-0.15","-80","20","0.782"
"-0.15","-80","40","0.784"
"-0.15","-80","60","0.787"
"-0.15","-80","80","0.787"
"-0.15","-60","-80","0.776"
"-0.15","-60","-60","0.778"
"-0.15","-60","-40","0.777"
"-0.15","-60","-20","0.775"
"-0.15","-60","0","0.778"
"-0.15","-60","20","0.782"
"-0.15","-60","40","0.781"
"-0.15","-60","60","0.782"
"-0.15","-60","80","0.783"
"-0.15","-40","-80","0.776"
"-0.15","-40","-60","0.776"
"-0.15","-40","-40","0.777"
"-0.15","-40","-20","0.774"
"-0.15","-40","0","0.777"
"-0.15","-40","20","0.778"
"-0.15","-40","40","0.781"
"-0.15","-40","60","0.78"
"-0.15","-40","80","0.78"
"-0.15","-20","-80","0.774"
"-0.15","-20","-60","0.773"
"-0.15","-20","-40","0.773"
"-0.15","-20","-20","0.771"
"-0.15","-20","0","0.772"
"-0.15","-20","20","0.774"
"-0.15","-20","40","0.778"
"-0.15","-20","60","0.779"
"-0.15","-20","80","0.778"
"-0.15","0","-80","0.77"
"-0.15","0","-60","0.77"
"-0.15","0","-40","0.769"
"-0.15","0","-20","0.767"
"-0.15","0","0","0.77"
"-0.15","0","20","0.772"
"-0.15","0","40","0.775"
"-0.15","0","60","0.777"
"-0.15","0","80","0.777"
"-0.15","20","-80","0.772"
"-0.15","20","-60","0.775"
"-0.15","20","-40","0.773"
"-0.15","20","-20","0.771"
"-0.15","20","0","0.774"
"-0.15","20","20","0.777"
"-0.15","20","40","0.778"
"-0.15","20","60","0.779"
"-0.15","20","80","0.779"
"-0.15","40","-80","0.77"
"-0.15","40","-60","0.77"
"-0.15","40","-40","0.774"
"-0.15","40","-20","0.769"
"-0.15","40","0","0.772"
"-0.15","40","20","0.774"
"-0.15","40","40","0.777"
"-0.15","40","60","0.776"
"-0.15","40","80","0.776"
"-0.15","60","-80","0.77"
"-0.15","60","-60","0.772"
"-0.15","60","-40","0.773"
"-0.15","60","-20","0.772"
"-0.15","60","0","0.774"
"-0.15","60","20","0.775"
"-0.15","60","40","0.778"
"-0.15","60","60","0.778"
"-0.15","60","80","0.778"
"-0.15","80","-80","0.771"
"-0.15","80","-60","0.774"
"-0.15","80","-40","0.774"
"-0.15","80","-20","0.772"
"-0.15","80","0","0.776"
"-0.15","80","20","0.776"
"-0.15","80","40","0.777"
"-0.15","80","60","0.78"
"-0.15","80","80","0.779"
"-0.1","-80","-80","0.78"
"-0.1","-80","-60","0.781"
"-0.1","-80","-40","0.782"
"-0.1","-80","-20","0.783"
"-0.1","-80","0","0.783"
"-0.1","-80","20","0.787"
"-0.1","-80","40","0.788"
"-0.1","-80","60","0.789"
"-0.1","-80","80","0.789"
"-0.1","-60","-80","0.78"
"-0.1","-60","-60","0.781"
"-0.1","-60","-40","0.782"
"-0.1","-60","-20","0.781"
"-0.1","-60","0","0.782"
"-0.1","-60","20","0.784"
"-0.1","-60","40","0.787"
"-0.1","-60","60","0.786"
"-0.1","-60","80","0.786"
"-0.1","-40","-80","0.777"
"-0.1","-40","-60","0.78"
"-0.1","-40","-40","0.778"
"-0.1","-40","-20","0.778"
"-0.1","-40","0","0.777"
"-0.1","-40","20","0.784"
"-0.1","-40","40","0.783"
"-0.1","-40","60","0.786"
"-0.1","-40","80","0.783"
"-0.1","-20","-80","0.776"
"-0.1","-20","-60","0.776"
"-0.1","-20","-40","0.775"
"-0.1","-20","-20","0.775"
"-0.1","-20","0","0.775"
"-0.1","-20","20","0.779"
"-0.1","-20","40","0.78"
"-0.1","-20","60","0.782"
"-0.1","-20","80","0.782"
"-0.1","0","-80","0.771"
"-0.1","0","-60","0.773"
"-0.1","0","-40","0.775"
"-0.1","0","-20","0.772"
"-0.1","0","0","0.771"
"-0.1","0","20","0.779"
"-0.1","0","40","0.779"
"-0.1","0","60","0.78"
"-0.1","0","80","0.781"
"-0.1","20","-80","0.776"
"-0.1","20","-60","0.775"
"-0.1","20","-40","0.776"
"-0.1","20","-20","0.776"
"-0.1","20","0","0.776"
"-0.1","20","20","0.779"
"-0.1","20","40","0.782"
"-0.1","20","60","0.783"
"-0.1","20","80","0.783"
"-0.1","40","-80","0.772"
"-0.1","40","-60","0.773"
"-0.1","40","-40","0.775"
"-0.1","40","-20","0.774"
"-0.1","40","0","0.775"
"-0.1","40","20","0.78"
"-0.1","40","40","0.779"
"-0.1","40","60","0.782"
"-0.1","40","80","0.781"
"-0.1","60","-80","0.775"
"-0.1","60","-60","0.773"
"-0.1","60","-40","0.775"
"-0.1","60","-20","0.777"
"-0.1","60","0","0.778"
"-0.1","60","20","0.78"
"-0.1","60","40","0.781"
"-0.1","60","60","0.783"
"-0.1","60","80","0.783"
"-0.1","80","-80","0.774"
"-0.1","80","-60","0.775"
"-0.1","80","-40","0.778"
"-0.1","80","-20","0.778"
"-0.1","80","0","0.779"
"-0.1","80","20","0.781"
"-0.1","80","40","0.782"
"-0.1","80","60","0.783"
"-0.1","80","80","0.784"
"-0.05","-80","-80","0.782"
"-0.05","-80","-60","0.783"
"-0.05","-80","-40","0.78"
"-0.05","-80","-20","0.782"
"-0.05","-80","0","0.783"
"-0.05","-80","20","0.787"
"-0.05","-80","40","0.788"
"-0.05","-80","60","0.788"
"-0.05","-80","80","0.79"
"-0.05","-60","-80","0.782"
"-0.05","-60","-60","0.781"
"-0.05","-60","-40","0.781"
"-0.05","-60","-20","0.784"
"-0.05","-60","0","0.784"
"-0.05","-60","20","0.788"
"-0.05","-60","40","0.788"
"-0.05","-60","60","0.789"
"-0.05","-60","80","0.791"
"-0.05","-40","-80","0.78"
"-0.05","-40","-60","0.78"
"-0.05","-40","-40","0.778"
"-0.05","-40","-20","0.781"
"-0.05","-40","0","0.781"
"-0.05","-40","20","0.785"
"-0.05","-40","40","0.787"
"-0.05","-40","60","0.788"
"-0.05","-40","80","0.788"
"-0.05","-20","-80","0.776"
"-0.05","-20","-60","0.777"
"-0.05","-20","-40","0.775"
"-0.05","-20","-20","0.777"
"-0.05","-20","0","0.777"
"-0.05","-20","20","0.782"
"-0.05","-20","40","0.785"
"-0.05","-20","60","0.784"
"-0.05","-20","80","0.788"
"-0.05","0","-80","0.773"
"-0.05","0","-60","0.772"
"-0.05","0","-40","0.771"
"-0.05","0","-20","0.772"
"-0.05","0","0","0.772"
"-0.05","0","20","0.779"
"-0.05","0","40","0.78"
"-0.05","0","60","0.782"
"-0.05","0","80","0.784"
"-0.05","20","-80","0.775"
"-0.05","20","-60","0.775"
"-0.05","20","-40","0.775"
"-0.05","20","-20","0.777"
"-0.05","20","0","0.776"
"-0.05","20","20","0.782"
"-0.05","20","40","0.784"
"-0.05","20","60","0.784"
"-0.05","20","80","0.785"
"-0.05","40","-80","0.776"
"-0.05","40","-60","0.775"
"-0.05","40","-40","0.774"
"-0.05","40","-20","0.777"
"-0.05","40","0","0.777"
"-0.05","40","20","0.782"
"-0.05","40","40","0.784"
"-0.05","40","60","0.786"
"-0.05","40","80","0.787"
"-0.05","60","-80","0.777"
"-0.05","60","-60","0.776"
"-0.05","60","-40","0.777"
"-0.05","60","-20","0.778"
"-0.05","60","0","0.78"
"-0.05","60","20","0.783"
"-0.05","60","40","0.785"
"-0.05","60","60","0.784"
"-0.05","60","80","0.786"
"-0.05","80","-80","0.778"
"-0.05","80","-60","0.778"
"-0.05","80","-40","0.778"
"-0.05","80","-20","0.778"
"-0.05","80","0","0.781"
"-0.05","80","20","0.785"
"-0.05","80","40","0.785"
"-0.05","80","60","0.785"
"-0.05","80","80","0.787"
"0.0","-80","-80","0.782"
"0.0","-80","-60","0.781"
"0.0","-80","-40","0.782"
"0.0","-80","-20","0.785"
"0.0","-80","0","0.787"
"0.0","-80","20","0.788"
"0.0","-80","40","0.789"
"0.0","-80","60","0.792"
"0.0","-80","80","0.789"
"0.0","-60","-80","0.785"
"0.0","-60","-60","0.782"
"0.0","-60","-40","0.783"
"0.0","-60","-20","0.785"
"0.0","-60","0","0.79"
"0.0","-60","20","0.789"
"0.0","-60","40","0.792"
"0.0","-60","60","0.792"
"0.0","-60","80","0.793"
"0.0","-40","-80","0.781"
"0.0","-40","-60","0.779"
"0.0","-40","-40","0.781"
"0.0","-40","-20","0.781"
"0.0","-40","0","0.786"
"0.0","-40","20","0.785"
"0.0","-40","40","0.79"
"0.0","-40","60","0.789"
"0.0","-40","80","0.789"
"0.0","-20","-80","0.779"
"0.0","-20","-60","0.776"
"0.0","-20","-40","0.776"
"0.0","-20","-20","0.777"
"0.0","-20","0","0.78"
"0.0","-20","20","0.783"
"0.0","-20","40","0.786"
"0.0","-20","60","0.787"
"0.0","-20","80","0.788"
"0.0","0","-80","0.775"
"0.0","0","-60","0.774"
"0.0","0","-40","0.774"
"0.0","0","-20","0.774"
"0.0","0","0","0.777"
"0.0","0","20","0.78"
"0.0","0","40","0.783"
"0.0","0","60","0.785"
"0.0","0","80","0.784"
"0.0","20","-80","0.779"
"0.0","20","-60","0.777"
"0.0","20","-40","0.777"
"0.0","20","-20","0.778"
"0.0","20","0","0.783"
"0.0","20","20","0.784"
"0.0","20","40","0.787"
"0.0","20","60","0.788"
"0.0","20","80","0.789"
"0.0","40","-80","0.775"
"0.0","40","-60","0.776"
"0.0","40","-40","0.775"
"0.0","40","-20","0.776"
"0.0","40","0","0.78"
"0.0","40","20","0.782"
"0.0","40","40","0.784"
"0.0","40","60","0.786"
"0.0","40","80","0.787"
"0.0","60","-80","0.776"
"0.0","60","-60","0.776"
"0.0","60","-40","0.777"
"0.0","60","-20","0.777"
"0.0","60","0","0.781"
"0.0","60","20","0.784"
"0.0","60","40","0.785"
"0.0","60","60","0.785"
"0.0","60","80","0.787"
"0.0","80","-80","0.777"
"0.0","80","-60","0.777"
"0.0","80","-40","0.777"
"0.0","80","-20","0.779"
"0.0","80","0","0.782"
"0.0","80","20","0.784"
"0.0","80","40","0.786"
"0.0","80","60","0.788"
"0.0","80","80","0.786"
"0.05","-80","-80","0.783"
"0.05","-80","-60","0.781"
"0.05","-80","-40","0.779"
"0.05","-80","-20","0.783"
"0.05","-80","0","0.787"
"0.05","-80","20","0.788"
"0.05","-80","40","0.788"
"0.05","-80","60","0.79"
"0.05","-80","80","0.788"
"0.05","-60","-80","0.78"
"0.05","-60","-60","0.777"
"0.05","-60","-40","0.778"
"0.05","-60","-20","0.78"
"0.05","-60","0","0.783"
"0.05","-60","20","0.784"
"0.05","-60","40","0.785"
"0.05","-60","60","0.787"
"0.05","-60","80","0.786"
"0.05","-40","-80","0.776"
"0.05","-40","-60","0.775"
"0.05","-40","-40","0.774"
"0.05","-40","-20","0.776"
"0.05","-40","0","0.778"
"0.05","-40","20","0.781"
"0.05","-40","40","0.783"
"0.05","-40","60","0.785"
"0.05","-40","80","0.784"
"0.05","-20","-80","0.776"
"0.05","-20","-60","0.773"
"0.05","-20","-40","0.774"
"0.05","-20","-20","0.774"
"0.05","-20","0","0.777"
"0.05","-20","20","0.779"
"0.05","-20","40","0.783"
"0.05","-20","60","0.783"
"0.05","-20","80","0.782"
"0.05","0","-80","0.777"
"0.05","0","-60","0.775"
"0.05","0","-40","0.771"
"0.05","0","-20","0.773"
"0.05","0","0","0.776"
"0.05","0","20","0.779"
"0.05","0","40","0.78"
"0.05","0","60","0.782"
"0.05","0","80","0.782"
"0.05","20","-80","0.778"
"0.05","20","-60","0.775"
"0.05","20","-40","0.775"
"0.05","20","-20","0.776"
"0.05","20","0","0.78"
"0.05","20","20","0.782"
"0.05","20","40","0.783"
"0.05","20","60","0.785"
"0.05","20","80","0.783"
"0.05","40","-80","0.775"
"0.05","40","-60","0.774"
"0.05","40","-40","0.772"
"0.05","40","-20","0.775"
"0.05","40","0","0.779"
"0.05","40","20","0.78"
"0.05","40","40","0.781"
"0.05","40","60","0.784"
"0.05","40","80","0.783"
"0.05","60","-80","0.777"
"0.05","60","-60","0.775"
"0.05","60","-40","0.778"
"0.05","60","-20","0.777"
"0.05","60","0","0.782"
"0.05","60","20","0.783"
"0.05","60","40","0.786"
"0.05","60","60","0.784"
"0.05","60","80","0.786"
"0.05","80","-80","0.779"
"0.05","80","-60","0.777"
"0.05","80","-40","0.776"
"0.05","80","-20","0.78"
"0.05","80","0","0.784"
"0.05","80","20","0.786"
"0.05","80","40","0.787"
"0.05","80","60","0.788"
"0.05","80","80","0.788"
"0.1","-80","-80","0.779"
"0.1","-80","-60","0.774"
"0.1","-80","-40","0.776"
"0.1","-80","-20","0.778"
"0.1","-80","0","0.78"
"0.1","-80","20","0.781"
"0.1","-80","40","0.782"
"0.1","-80","60","0.782"
"0.1","-80","80","0.784"
"0.1","-60","-80","0.777"
"0.1","-60","-60","0.772"
"0.1","-60","-40","0.774"
"0.1","-60","-20","0.775"
"0.1","-60","0","0.778"
"0.1","-60","20","0.78"
"0.1","-60","40","0.781"
"0.1","-60","60","0.782"
"0.1","-60","80","0.782"
"0.1","-40","-80","0.774"
"0.1","-40","-60","0.771"
"0.1","-40","-40","0.771"
"0.1","-40","-20","0.77"
"0.1","-40","0","0.775"
"0.1","-40","20","0.776"
"0.1","-40","40","0.778"
"0.1","-40","60","0.779"
"0.1","-40","80","0.78"
"0.1","-20","-80","0.775"
"0.1","-20","-60","0.771"
"0.1","-20","-40","0.771"
"0.1","-20","-20","0.771"
"0.1","-20","0","0.776"
"0.1","-20","20","0.777"
"0.1","-20","40","0.78"
"0.1","-20","60","0.781"
"0.1","-20","80","0.783"
"0.1","0","-80","0.772"
"0.1","0","-60","0.769"
"0.1","0","-40","0.767"
"0.1","0","-20","0.767"
"0.1","0","0","0.771"
"0.1","0","20","0.772"
"0.1","0","40","0.775"
"0.1","0","60","0.775"
"0.1","0","80","0.777"
"0.1","20","-80","0.773"
"0.1","20","-60","0.772"
"0.1","20","-40","0.77"
"0.1","20","-20","0.771"
"0.1","20","0","0.774"
"0.1","20","20","0.778"
"0.1","20","40","0.778"
"0.1","20","60","0.779"
"0.1","20","80","0.779"
"0.1","40","-80","0.772"
"0.1","40","-60","0.772"
"0.1","40","-40","0.772"
"0.1","40","-20","0.771"
"0.1","40","0","0.777"
"0.1","40","20","0.778"
"0.1","40","40","0.779"
"0.1","40","60","0.778"
"0.1","40","80","0.781"
"0.1","60","-80","0.776"
"0.1","60","-60","0.776"
"0.1","60","-40","0.775"
"0.1","60","-20","0.775"
"0.1","60","0","0.78"
"0.1","60","20","0.784"
"0.1","60","40","0.784"
"0.1","60","60","0.782"
"0.1","60","80","0.785"
"0.1","80","-80","0.775"
"0.1","80","-60","0.773"
"0.1","80","-40","0.772"
"0.1","80","-20","0.774"
"0.1","80","0","0.779"
"0.1","80","20","0.78"
"0.1","80","40","0.78"
"0.1","80","60","0.78"
"0.1","80","80","0.78"
"0.15","-80","-80","0.774"
"0.15","-80","-60","0.773"
"0.15","-80","-40","0.772"
"0.15","-80","-20","0.772"
"0.15","-80","0","0.775"
"0.15","-80","20","0.779"
"0.15","-80","40","0.777"
"0.15","-80","60","0.777"
"0.15","-80","80","0.776"
"0.15","-60","-80","0.77"
"0.15","-60","-60","0.769"
"0.15","-60","-40","0.768"
"0.15","-60","-20","0.768"
"0.15","-60","0","0.772"
"0.15","-60","20","0.774"
"0.15","-60","40","0.776"
"0.15","-60","60","0.774"
"0.15","-60","80","0.775"
"0.15","-40","-80","0.767"
"0.15","-40","-60","0.767"
"0.15","-40","-40","0.765"
"0.15","-40","-20","0.765"
"0.15","-40","0","0.77"
"0.15","-40","20","0.773"
"0.15","-40","40","0.773"
"0.15","-40","60","0.773"
"0.15","-40","80","0.773"
"0.15","-20","-80","0.765"
"0.15","-20","-60","0.767"
"0.15","-20","-40","0.765"
"0.15","-20","-20","0.764"
"0.15","-20","0","0.767"
"0.15","-20","20","0.771"
"0.15","-20","40","0.772"
"0.15","-20","60","0.773"
"0.15","-20","80","0.771"
"0.15","0","-80","0.764"
"0.15","0","-60","0.764"
"0.15","0","-40","0.763"
"0.15","0","-20","0.761"
"0.15","0","0","0.764"
"0.15","0","20","0.769"
"0.15","0","40","0.769"
"0.15","0","60","0.768"
"0.15","0","80","0.77"
"0.15","20","-80","0.766"
"0.15","20","-60","0.767"
"0.15","20","-40","0.764"
"0.15","20","-20","0.765"
"0.15","20","0","0.767"
"0.15","20","20","0.771"
"0.15","20","40","0.772"
"0.15","20","60","0.771"
"0.15","20","80","0.773"
"0.15","40","-80","0.767"
"0.15","40","-60","0.768"
"0.15","40","-40","0.766"
"0.15","40","-20","0.767"
"0.15","40","0","0.77"
"0.15","40","20","0.773"
"0.15","40","40","0.774"
"0.15","40","60","0.773"
"0.15","40","80","0.774"
"0.15","60","-80","0.768"
"0.15","60","-60","0.771"
"0.15","60","-40","0.769"
"0.15","60","-20","0.77"
"0.15","60","0","0.772"
"0.15","60","20","0.777"
"0.15","60","40","0.777"
"0.15","60","60","0.777"
"0.15","60","80","0.775"
"0.15","80","-80","0.767"
"0.15","80","-60","0.768"
"0.15","80","-40","0.767"
"0.15","80","-20","0.768"
"0.15","80","0","0.772"
"0.15","80","20","0.775"
"0.15","80","40","0.773"
"0.15","80","60","0.773"
"0.15","80","80","0.774"
"0.2","-80","-80","0.77"
"0.2","-80","-60","0.766"
"0.2","-80","-40","0.768"
"0.2","-80","-20","0.768"
"0.2","-80","0","0.77"
"0.2","-80","20","0.771"
"0.2","-80","40","0.773"
"0.2","-80","60","0.773"
"0.2","-80","80","0.772"
"0.2","-60","-80","0.767"
"0.2","-60","-60","0.766"
"0.2","-60","-40","0.764"
"0.2","-60","-20","0.765"
"0.2","-60","0","0.767"
"0.2","-60","20","0.77"
"0.2","-60","40","0.769"
"0.2","-60","60","0.772"
"0.2","-60","80","0.773"
"0.2","-40","-80","0.765"
"0.2","-40","-60","0.763"
"0.2","-40","-40","0.762"
"0.2","-40","-20","0.762"
"0.2","-40","0","0.766"
"0.2","-40","20","0.767"
"0.2","-40","40","0.768"
"0.2","-40","60","0.77"
"0.2","-40","80","0.768"
"0.2","-20","-80","0.76"
"0.2","-20","-60","0.76"
"0.2","-20","-40","0.759"
"0.2","-20","-20","0.758"
"0.2","-20","0","0.76"
"0.2","-20","20","0.763"
"0.2","-20","40","0.765"
"0.2","-20","60","0.766"
"0.2","-20","80","0.767"
"0.2","0","-80","0.759"
"0.2","0","-60","0.757"
"0.2","0","-40","0.758"
"0.2","0","-20","0.757"
"0.2","0","0","0.76"
"0.2","0","20","0.762"
"0.2","0","40","0.765"
"0.2","0","60","0.765"
"0.2","0","80","0.765"
"0.2","20","-80","0.764"
"0.2","20","-60","0.762"
"0.2","20","-40","0.762"
"0.2","20","-20","0.761"
"0.2","20","0","0.763"
"0.2","20","20","0.765"
"0.2","20","40","0.767"
"0.2","20","60","0.77"
"0.2","20","80","0.768"
"0.2","40","-80","0.765"
"0.2","40","-60","0.763"
"0.2","40","-40","0.762"
"0.2","40","-20","0.764"
"0.2","40","0","0.766"
"0.2","40","20","0.766"
"0.2","40","40","0.769"
"0.2","40","60","0.771"
"0.2","40","80","0.769"
"0.2","60","-80","0.764"
"0.2","60","-60","0.765"
"0.2","60","-40","0.765"
"0.2","60","-20","0.765"
"0.2","60","0","0.766"
"0.2","60","20","0.77"
"0.2","60","40","0.772"
"0.2","60","60","0.771"
"0.2","60","80","0.769"
"0.2","80","-80","0.761"
"0.2","80","-60","0.761"
"0.2","80","-40","0.762"
"0.2","80","-20","0.762"
"0.2","80","0","0.765"
"0.2","80","20","0.768"
"0.2","80","40","0.769"
"0.2","80","60","0.769"
"0.2","80","80","0.766"
"0.25","-80","-80","0.763"
"0.25","-80","-60","0.761"
"0.25","-80","-40","0.76"
"0.25","-80","-20","0.758"
"0.25","-80","0","0.761"
"0.25","-80","20","0.763"
"0.25","-80","40","0.762"
"0.25","-80","60","0.764"
"0.25","-80","80","0.764"
"0.25","-60","-80","0.76"
"0.25","-60","-60","0.758"
"0.25","-60","-40","0.759"
"0.25","-60","-20","0.76"
"0.25","-60","0","0.76"
"0.25","-60","20","0.76"
"0.25","-60","40","0.762"
"0.25","-60","60","0.766"
"0.25","-60","80","0.765"
"0.25","-40","-80","0.76"
"0.25","-40","-60","0.757"
"0.25","-40","-40","0.757"
"0.25","-40","-20","0.756"
"0.25","-40","0","0.759"
"0.25","-40","20","0.76"
"0.25","-40","40","0.761"
"0.25","-40","60","0.763"
"0.25","-40","80","0.763"
"0.25","-20","-80","0.754"
"0.25","-20","-60","0.756"
"0.25","-20","-40","0.751"
"0.25","-20","-20","0.752"
"0.25","-20","0","0.753"
"0.25","-20","20","0.758"
"0.25","-20","40","0.756"
"0.25","-20","60","0.757"
"0.25","-20","80","0.758"
"0.25","0","-80","0.754"
"0.25","0","-60","0.753"
"0.25","0","-40","0.752"
"0.25","0","-20","0.751"
"0.25","0","0","0.753"
"0.25","0","20","0.755"
"0.25","0","40","0.756"
"0.25","0","60","0.757"
"0.25","0","80","0.759"
"0.25","20","-80","0.756"
"0.25","20","-60","0.752"
"0.25","20","-40","0.754"
"0.25","20","-20","0.755"
"0.25","20","0","0.756"
"0.25","20","20","0.755"
"0.25","20","40","0.758"
"0.25","20","60","0.761"
"0.25","20","80","0.761"
"0.25","40","-80","0.76"
"0.25","40","-60","0.757"
"0.25","40","-40","0.758"
"0.25","40","-20","0.758"
"0.25","40","0","0.759"
"0.25","40","20","0.759"
"0.25","40","40","0.762"
"0.25","40","60","0.764"
"0.25","40","80","0.762"
"0.25","60","-80","0.757"
"0.25","60","-60","0.757"
"0.25","60","-40","0.754"
"0.25","60","-20","0.756"
"0.25","60","0","0.756"
"0.25","60","20","0.762"
"0.25","60","40","0.762"
"0.25","60","60","0.761"
"0.25","60","80","0.761"
"0.25","80","-80","0.753"
"0.25","80","-60","0.753"
"0.25","80","-40","0.752"
"0.25","80","-20","0.753"
"0.25","80","0","0.755"
"0.25","80","20","0.759"
"0.25","80","40","0.758"
"0.25","80","60","0.759"
"0.25","80","80","0.758"
"0.3","-80","-80","0.755"
"0.3","-80","-60","0.757"
"0.3","-80","-40","0.752"
"0.3","-80","-20","0.75"
"0.3","-80","0","0.752"
"0.3","-80","20","0.755"
"0.3","-80","40","0.754"
"0.3","-80","60","0.754"
"0.3","-80","80","0.754"
"0.3","-60","-80","0.752"
"0.3","-60","-60","0.756"
"0.3","-60","-40","0.75"
"0.3","-60","-20","0.75"
"0.3","-60","0","0.751"
"0.3","-60","20","0.754"
"0.3","-60","40","0.753"
"0.3","-60","60","0.754"
"0.3","-60","80","0.753"
"0.3","-40","-80","0.753"
"0.3","-40","-60","0.752"
"0.3","-40","-40","0.748"
"0.3","-40","-20","0.748"
"0.3","-40","0","0.751"
"0.3","-40","20","0.75"
"0.3","-40","40","0.75"
"0.3","-40","60","0.753"
"0.3","-40","80","0.755"
"0.3","-20","-80","0.746"
"0.3","-20","-60","0.747"
"0.3","-20","-40","0.742"
"0.3","-20","-20","0.741"
"0.3","-20","0","0.744"
"0.3","-20","20","0.745"
"0.3","-20","40","0.745"
"0.3","-20","60","0.746"
"0.3","-20","80","0.748"
"0.3","0","-80","0.747"
"0.3","0","-60","0.75"
"0.3","0","-40","0.743"
"0.3","0","-20","0.742"
"0.3","0","0","0.745"
"0.3","0","20","0.747"
"0.3","0","40","0.747"
"0.3","0","60","0.748"
"0.3","0","80","0.749"
"0.3","20","-80","0.747"
"0.3","20","-60","0.747"
"0.3","20","-40","0.745"
"0.3","20","-20","0.745"
"0.3","20","0","0.746"
"0.3","20","20","0.746"
"0.3","20","40","0.749"
"0.3","20","60","0.75"
"0.3","20","80","0.75"
"0.3","40","-80","0.753"
"0.3","40","-60","0.75"
"0.3","40","-40","0.746"
"0.3","40","-20","0.747"
"0.3","40","0","0.75"
"0.3","40","20","0.748"
"0.3","40","40","0.748"
"0.3","40","60","0.752"
"0.3","40","80","0.751"
"0.3","60","-80","0.748"
"0.3","60","-60","0.748"
"0.3","60","-40","0.744"
"0.3","60","-20","0.745"
"0.3","60","0","0.749"
"0.3","60","20","0.749"
"0.3","60","40","0.749"
"0.3","60","60","0.75"
"0.3","60","80","0.749"
"0.3","80","-80","0.746"
"0.3","80","-60","0.749"
"0.3","80","-40","0.745"
"0.3","80","-20","0.744"
"0.3","80","0","0.748"
"0.3","80","20","0.751"
"0.3","80","40","0.749"
"0.3","80","60","0.749"
"0.3","80","80","0.748"
"0.35","-80","-80","0.743"
"0.35","-80","-60","0.744"
"0.35","-80","-40","0.74"
"0.35","-80","-20","0.739"
"0.35","-80","0","0.739"
"0.35","-80","20","0.743"
"0.35","-80","40","0.743"
"0.35","-80","60","0.744"
"0.35","-80","80","0.745"
"0.35","-60","-80","0.743"
"0.35","-60","-60","0.744"
"0.35","-60","-40","0.738"
"0.35","-60","-20","0.738"
"0.35","-60","0","0.739"
"0.35","-60","20","0.744"
"0.35","-60","40","0.741"
"0.35","-60","60","0.747"
"0.35","-60","80","0.745"
"0.35","-40","-80","0.74"
"0.35","-40","-60","0.74"
"0.35","-40","-40","0.735"
"0.35","-40","-20","0.732"
"0.35","-40","0","0.735"
"0.35","-40","20","0.737"
"0.35","-40","40","0.738"
"0.35","-40","60","0.739"
"0.35","-40","80","0.742"
"0.35","-20","-80","0.737"
"0.35","-20","-60","0.738"
"0.35","-20","-40","0.733"
"0.35","-20","-20","0.731"
"0.35","-20","0","0.733"
"0.35","-20","20","0.735"
"0.35","-20","40","0.735"
"0.35","-20","60","0.738"
"0.35","-20","80","0.737"
"0.35","0","-80","0.734"
"0.35","0","-60","0.736"
"0.35","0","-40","0.731"
"0.35","0","-20","0.731"
"0.35","0","0","0.731"
"0.35","0","20","0.734"
"0.35","0","40","0.735"
"0.35","0","60","0.737"
"0.35","0","80","0.737"
"0.35","20","-80","0.738"
"0.35","20","-60","0.739"
"0.35","20","-40","0.731"
"0.35","20","-20","0.733"
"0.35","20","0","0.734"
"0.35","20","20","0.737"
"0.35","20","40","0.734"
"0.35","20","60","0.74"
"0.35","20","80","0.739"
"0.35","40","-80","0.741"
"0.35","40","-60","0.742"
"0.35","40","-40","0.734"
"0.35","40","-20","0.732"
"0.35","40","0","0.738"
"0.35","40","20","0.739"
"0.35","40","40","0.738"
"0.35","40","60","0.739"
"0.35","40","80","0.741"
"0.35","60","-80","0.739"
"0.35","60","-60","0.74"
"0.35","60","-40","0.735"
"0.35","60","-20","0.733"
"0.35","60","0","0.735"
"0.35","60","20","0.739"
"0.35","60","40","0.738"
"0.35","60","60","0.738"
"0.35","60","80","0.737"
"0.35","80","-80","0.733"
"0.35","80","-60","0.736"
"0.35","80","-40","0.732"
"0.35","80","-20","0.73"
"0.35","80","0","0.733"
"0.35","80","20","0.737"
"0.35","80","40","0.737"
"0.35","80","60","0.737"
"0.35","80","80","0.735"
"0.4","-80","-80","0.736"
"0.4","-80","-60","0.735"
"0.4","-80","-40","0.729"
"0.4","-80","-20","0.727"
"0.4","-80","0","0.733"
"0.4","-80","20","0.736"
"0.4","-80","40","0.733"
"0.4","-80","60","0.733"
"0.4","-80","80","0.737"
"0.4","-60","-80","0.732"
"0.4","-60","-60","0.734"
"0.4","-60","-40","0.728"
"0.4","-60","-20","0.724"
"0.4","-60","0","0.728"
"0.4","-60","20","0.731"
"0.4","-60","40","0.731"
"0.4","-60","60","0.731"
"0.4","-60","80","0.734"
"0.4","-40","-80","0.729"
"0.4","-40","-60","0.729"
"0.4","-40","-40","0.726"
"0.4","-40","-20","0.723"
"0.4","-40","0","0.724"
"0.4","-40","20","0.728"
"0.4","-40","40","0.728"
"0.4","-40","60","0.73"
"0.4","-40","80","0.733"
"0.4","-20","-80","0.729"
"0.4","-20","-60","0.727"
"0.4","-20","-40","0.724"
"0.4","-20","-20","0.721"
"0.4","-20","0","0.725"
"0.4","-20","20","0.726"
"0.4","-20","40","0.727"
"0.4","-20","60","0.728"
"0.4","-20","80","0.731"
"0.4","0","-80","0.728"
"0.4","0","-60","0.727"
"0.4","0","-40","0.723"
"0.4","0","-20","0.72"
"0.4","0","0","0.724"
"0.4","0","20","0.726"
"0.4","0","40","0.726"
"0.4","0","60","0.727"
"0.4","0","80","0.73"
"0.4","20","-80","0.728"
"0.4","20","-60","0.728"
"0.4","20","-40","0.722"
"0.4","20","-20","0.718"
"0.4","20","0","0.724"
"0.4","20","20","0.726"
"0.4","20","40","0.727"
"0.4","20","60","0.726"
"0.4","20","80","0.731"
"0.4","40","-80","0.729"
"0.4","40","-60","0.729"
"0.4","40","-40","0.725"
"0.4","40","-20","0.722"
"0.4","40","0","0.723"
"0.4","40","20","0.728"
"0.4","40","40","0.728"
"0.4","40","60","0.729"
"0.4","40","80","0.731"
"0.4","60","-80","0.731"
"0.4","60","-60","0.728"
"0.4","60","-40","0.726"
"0.4","60","-20","0.723"
"0.4","60","0","0.727"
"0.4","60","20","0.727"
"0.4","60","40","0.73"
"0.4","60","60","0.73"
"0.4","60","80","0.731"
"0.4","80","-80","0.727"
"0.4","80","-60","0.724"
"0.4","80","-40","0.723"
"0.4","80","-20","0.72"
"0.4","80","0","0.727"
"0.4","80","20","0.728"
"0.4","80","40","0.73"
"0.4","80","60","0.729"
"0.4","80","80","0.733"
"0.45","-80","-80","0.722"
"0.45","-80","-60","0.721"
"0.45","-80","-40","0.719"
"0.45","-80","-20","0.718"
"0.45","-80","0","0.719"
"0.45","-80","20","0.721"
"0.45","-80","40","0.722"
"0.45","-80","60","0.726"
"0.45","-80","80","0.725"
"0.45","-60","-80","0.722"
"0.45","-60","-60","0.72"
"0.45","-60","-40","0.719"
"0.45","-60","-20","0.717"
"0.45","-60","0","0.719"
"0.45","-60","20","0.721"
"0.45","-60","40","0.721"
"0.45","-60","60","0.722"
"0.45","-60","80","0.725"
"0.45","-40","-80","0.716"
"0.45","-40","-60","0.715"
"0.45","-40","-40","0.715"
"0.45","-40","-20","0.712"
"0.45","-40","0","0.713"
"0.45","-40","20","0.716"
"0.45","-40","40","0.718"
"0.45","-40","60","0.72"
"0.45","-40","80","0.719"
"0.45","-20","-80","0.718"
"0.45","-20","-60","0.715"
"0.45","-20","-40","0.714"
"0.45","-20","-20","0.711"
"0.45","-20","0","0.712"
"0.45","-20","20","0.715"
"0.45","-20","40","0.717"
"0.45","-20","60","0.718"
"0.45","-20","80","0.72"
"0.45","0","-80","0.716"
"0.45","0","-60","0.715"
"0.45","0","-40","0.713"
"0.45","0","-20","0.712"
"0.45","0","0","0.71"
"0.45","0","20","0.715"
"0.45","0","40","0.716"
"0.45","0","60","0.721"
"0.45","0","80","0.719"
"0.45","20","-80","0.718"
"0.45","20","-60","0.715"
"0.45","20","-40","0.713"
"0.45","20","-20","0.712"
"0.45","20","0","0.713"
"0.45","20","20","0.716"
"0.45","20","40","0.716"
"0.45","20","60","0.719"
"0.45","20","80","0.721"
"0.45","40","-80","0.718"
"0.45","40","-60","0.715"
"0.45","40","-40","0.714"
"0.45","40","-20","0.713"
"0.45","40","0","0.714"
"0.45","40","20","0.717"
"0.45","40","40","0.719"
"0.45","40","60","0.72"
"0.45","40","80","0.718"
"0.45","60","-80","0.718"
"0.45","60","-60","0.715"
"0.45","60","-40","0.713"
"0.45","60","-20","0.712"
"0.45","60","0","0.713"
"0.45","60","20","0.717"
"0.45","60","40","0.717"
"0.45","60","60","0.718"
"0.45","60","80","0.719"
"0.45","80","-80","0.717"
"0.45","80","-60","0.715"
"0.45","80","-40","0.714"
"0.45","80","-20","0.715"
"0.45","80","0","0.715"
"0.45","80","20","0.719"
"0.45","80","40","0.72"
"0.45","80","60","0.723"
"0.45","80","80","0.722"
"0.5","-80","-80","0.715"
"0.5","-80","-60","0.71"
"0.5","-80","-40","0.709"
"0.5","-80","-20","0.709"
"0.5","-80","0","0.711"
"0.5","-80","20","0.71"
"0.5","-80","40","0.714"
"0.5","-80","60","0.716"
"0.5","-80","80","0.719"
"0.5","-60","-80","0.714"
"0.5","-60","-60","0.711"
"0.5","-60","-40","0.706"
"0.5","-60","-20","0.706"
"0.5","-60","0","0.707"
"0.5","-60","20","0.709"
"0.5","-60","40","0.709"
"0.5","-60","60","0.712"
"0.5","-60","80","0.717"
"0.5","-40","-80","0.709"
"0.5","-40","-60","0.704"
"0.5","-40","-40","0.703"
"0.5","-40","-20","0.702"
"0.5","-40","0","0.703"
"0.5","-40","20","0.705"
"0.5","-40","40","0.708"
"0.5","-40","60","0.71"
"0.5","-40","80","0.712"
"0.5","-20","-80","0.708"
"0.5","-20","-60","0.703"
"0.5","-20","-40","0.702"
"0.5","-20","-20","0.701"
"0.5","-20","0","0.701"
"0.5","-20","20","0.704"
"0.5","-20","40","0.705"
"0.5","-20","60","0.71"
"0.5","-20","80","0.711"
"0.5","0","-80","0.708"
"0.5","0","-60","0.701"
"0.5","0","-40","0.702"
"0.5","0","-20","0.703"
"0.5","0","0","0.702"
"0.5","0","20","0.703"
"0.5","0","40","0.707"
"0.5","0","60","0.71"
"0.5","0","80","0.712"
"0.5","20","-80","0.71"
"0.5","20","-60","0.705"
"0.5","20","-40","0.7"
"0.5","20","-20","0.702"
"0.5","20","0","0.702"
"0.5","20","20","0.705"
"0.5","20","40","0.704"
"0.5","20","60","0.709"
"0.5","20","80","0.713"
"0.5","40","-80","0.708"
"0.5","40","-60","0.701"
"0.5","40","-40","0.702"
"0.5","40","-20","0.701"
"0.5","40","0","0.702"
"0.5","40","20","0.704"
"0.5","40","40","0.706"
"0.5","40","60","0.707"
"0.5","40","80","0.709"
"0.5","60","-80","0.706"
"0.5","60","-60","0.703"
"0.5","60","-40","0.701"
"0.5","60","-20","0.702"
"0.5","60","0","0.702"
"0.5","60","20","0.704"
"0.5","60","40","0.706"
"0.5","60","60","0.709"
"0.5","60","80","0.711"
"0.5","80","-80","0.707"
"0.5","80","-60","0.704"
"0.5","80","-40","0.706"
"0.5","80","-20","0.708"
"0.5","80","0","0.705"
"0.5","80","20","0.708"
"0.5","80","40","0.711"
"0.5","80","60","0.714"
"0.5","80","80","0.717"
"0.55","-80","-80","0.705"
"0.55","-80","-60","0.699"
"0.55","-80","-40","0.698"
"0.55","-80","-20","0.697"
"0.55","-80","0","0.699"
"0.55","-80","20","0.698"
"0.55","-80","40","0.701"
"0.55","-80","60","0.708"
"0.55","-80","80","0.71"
"0.55","-60","-80","0.703"
"0.55","-60","-60","0.699"
"0.55","-60","-40","0.696"
"0.55","-60","-20","0.697"
"0.55","-60","0","0.697"
"0.55","-60","20","0.697"
"0.55","-60","40","0.698"
"0.55","-60","60","0.704"
"0.55","-60","80","0.706"
"0.55","-40","-80","0.698"
"0.55","-40","-60","0.692"
"0.55","-40","-40","0.693"
"0.55","-40","-20","0.692"
"0.55","-40","0","0.692"
"0.55","-40","20","0.694"
"0.55","-40","40","0.696"
"0.55","-40","60","0.701"
"0.55","-40","80","0.701"
"0.55","-20","-80","0.696"
"0.55","-20","-60","0.693"
"0.55","-20","-40","0.69"
"0.55","-20","-20","0.689"
"0.55","-20","0","0.69"
"0.55","-20","20","0.693"
"0.55","-20","40","0.695"
"0.55","-20","60","0.7"
"0.55","-20","80","0.7"
"0.55","0","-80","0.696"
"0.55","0","-60","0.69"
"0.55","0","-40","0.691"
"0.55","0","-20","0.69"
"0.55","0","0","0.691"
"0.55","0","20","0.69"
"0.55","0","40","0.695"
"0.55","0","60","0.7"
"0.55","0","80","0.703"
"0.55","20","-80","0.699"
"0.55","20","-60","0.693"
"0.55","20","-40","0.691"
"0.55","20","-20","0.692"
"0.55","20","0","0.693"
"0.55","20","20","0.694"
"0.55","20","40","0.696"
"0.55","20","60","0.7"
"0.55","20","80","0.701"
"0.55","40","-80","0.694"
"0.55","40","-60","0.69"
"0.55","40","-40","0.69"
"0.55","40","-20","0.69"
"0.55","40","0","0.69"
"0.55","40","20","0.692"
"0.55","40","40","0.695"
"0.55","40","60","0.698"
"0.55","40","80","0.698"
"0.55","60","-80","0.694"
"0.55","60","-60","0.69"
"0.55","60","-40","0.688"
"0.55","60","-20","0.69"
"0.55","60","0","0.69"
"0.55","60","20","0.692"
"0.55","60","40","0.694"
"0.55","60","60","0.699"
"0.55","60","80","0.699"
"0.55","80","-80","0.697"
"0.55","80","-60","0.692"
"0.55","80","-40","0.692"
"0.55","80","-20","0.694"
"0.55","80","0","0.695"
"0.55","80","20","0.697"
"0.55","80","40","0.698"
"0.55","80","60","0.703"
"0.55","80","80","0.705"
"0.6","-80","-80","0.692"
"0.6","-80","-60","0.687"
"0.6","-80","-40","0.687"
"0.6","-80","-20","0.683"
"0.6","-80","0","0.686"
"0.6","-80","20","0.687"
"0.6","-80","40","0.692"
"0.6","-80","60","0.693"
"0.6","-80","80","0.697"
"0.6","-60","-80","0.693"
"0.6","-60","-60","0.686"
"0.6","-60","-40","0.683"
"0.6","-60","-20","0.681"
"0.6","-60","0","0.687"
"0.6","-60","20","0.685"
"0.6","-60","40","0.688"
"0.6","-60","60","0.691"
"0.6","-60","80","0.696"
"0.6","-40","-80","0.69"
"0.6","-40","-60","0.682"
"0.6","-40","-40","0.68"
"0.6","-40","-20","0.679"
"0.6","-40","0","0.682"
"0.6","-40","20","0.68"
"0.6","-40","40","0.684"
"0.6","-40","60","0.688"
"0.6","-40","80","0.694"
"0.6","-20","-80","0.686"
"0.6","-20","-60","0.679"
"0.6","-20","-40","0.68"
"0.6","-20","-20","0.677"
"0.6","-20","0","0.679"
"0.6","-20","20","0.68"
"0.6","-20","40","0.683"
"0.6","-20","60","0.687"
"0.6","-20","80","0.69"
"0.6","0","-80","0.683"
"0.6","0","-60","0.677"
"0.6","0","-40","0.677"
"0.6","0","-20","0.675"
"0.6","0","0","0.678"
"0.6","0","20","0.679"
"0.6","0","40","0.682"
"0.6","0","60","0.684"
"0.6","0","80","0.69"
"0.6","20","-80","0.688"
"0.6","20","-60","0.682"
"0.6","20","-40","0.679"
"0.6","20","-20","0.676"
"0.6","20","0","0.682"
"0.6","20","20","0.682"
"0.6","20","40","0.684"
"0.6","20","60","0.688"
"0.6","20","80","0.69"
"0.6","40","-80","0.686"
"0.6","40","-60","0.678"
"0.6","40","-40","0.677"
"0.6","40","-20","0.677"
"0.6","40","0","0.68"
"0.6","40","20","0.68"
"0.6","40","40","0.683"
"0.6","40","60","0.687"
"0.6","40","80","0.691"
"0.6","60","-80","0.684"
"0.6","60","-60","0.678"
"0.6","60","-40","0.677"
"0.6","60","-20","0.677"
"0.6","60","0","0.678"
"0.6","60","20","0.68"
"0.6","60","40","0.682"
"0.6","60","60","0.685"
"0.6","60","80","0.69"
"0.6","80","-80","0.684"
"0.6","80","-60","0.678"
"0.6","80","-40","0.68"
"0.6","80","-20","0.68"
"0.6","80","0","0.685"
"0.6","80","20","0.683"
"0.6","80","40","0.688"
"0.6","80","60","0.687"
"0.6","80","80","0.695"
"0.65","-80","-80","0.682"
"0.65","-80","-60","0.675"
"0.65","-80","-40","0.675"
"0.65","-80","-20","0.676"
"0.65","-80","0","0.675"
"0.65","-80","20","0.673"
"0.65","-80","40","0.678"
"0.65","-80","60","0.685"
"0.65","-80","80","0.684"
"0.65","-60","-80","0.677"
"0.65","-60","-60","0.673"
"0.65","-60","-40","0.67"
"0.65","-60","-20","0.669"
"0.65","-60","0","0.671"
"0.65","-60","20","0.67"
"0.65","-60","40","0.673"
"0.65","-60","60","0.677"
"0.65","-60","80","0.682"
"0.65","-40","-80","0.675"
"0.65","-40","-60","0.671"
"0.65","-40","-40","0.669"
"0.65","-40","-20","0.667"
"0.65","-40","0","0.669"
"0.65","-40","20","0.67"
"0.65","-40","40","0.672"
"0.65","-40","60","0.675"
"0.65","-40","80","0.679"
"0.65","-20","-80","0.676"
"0.65","-20","-60","0.673"
"0.65","-20","-40","0.67"
"0.65","-20","-20","0.67"
"0.65","-20","0","0.669"
"0.65","-20","20","0.671"
"0.65","-20","40","0.672"
"0.65","-20","60","0.678"
"0.65","-20","80","0.679"
"0.65","0","-80","0.673"
"0.65","0","-60","0.664"
"0.65","0","-40","0.666"
"0.65","0","-20","0.667"
"0.65","0","0","0.666"
"0.65","0","20","0.664"
"0.65","0","40","0.671"
"0.65","0","60","0.677"
"0.65","0","80","0.678"
"0.65","20","-80","0.673"
"0.65","20","-60","0.666"
"0.65","20","-40","0.666"
"0.65","20","-20","0.665"
"0.65","20","0","0.667"
"0.65","20","20","0.667"
"0.65","20","40","0.671"
"0.65","20","60","0.674"
"0.65","20","80","0.677"
"0.65","40","-80","0.673"
"0.65","40","-60","0.668"
"0.65","40","-40","0.667"
"0.65","40","-20","0.664"
"0.65","40","0","0.667"
"0.65","40","20","0.67"
"0.65","40","40","0.672"
"0.65","40","60","0.672"
"0.65","40","80","0.677"
"0.65","60","-80","0.672"
"0.65","60","-60","0.669"
"0.65","60","-40","0.668"
"0.65","60","-20","0.668"
"0.65","60","0","0.666"
"0.65","60","20","0.671"
"0.65","60","40","0.671"
"0.65","60","60","0.678"
"0.65","60","80","0.679"
"0.65","80","-80","0.678"
"0.65","80","-60","0.671"
"0.65","80","-40","0.673"
"0.65","80","-20","0.675"
"0.65","80","0","0.673"
"0.65","80","20","0.671"
"0.65","80","40","0.678"
"0.65","80","60","0.684"
"0.65","80","80","0.685"
"0.7","-80","-80","0.669"
"0.7","-80","-60","0.664"
"0.7","-80","-40","0.66"
"0.7","-80","-20","0.658"
"0.7","-80","0","0.662"
"0.7","-80","20","0.664"
"0.7","-80","40","0.663"
"0.7","-80","60","0.667"
"0.7","-80","80","0.672"
"0.7","-60","-80","0.668"
"0.7","-60","-60","0.664"
"0.7","-60","-40","0.658"
"0.7","-60","-20","0.657"
"0.7","-60","0","0.659"
"0.7","-60","20","0.663"
"0.7","-60","40","0.661"
"0.7","-60","60","0.664"
"0.7","-60","80","0.67"
"0.7","-40","-80","0.666"
"0.7","-40","-60","0.66"
"0.7","-40","-40","0.657"
"0.7","-40","-20","0.657"
"0.7","-40","0","0.657"
"0.7","-40","20","0.658"
"0.7","-40","40","0.66"
"0.7","-40","60","0.666"
"0.7","-40","80","0.668"
"0.7","-20","-80","0.664"
"0.7","-20","-60","0.66"
"0.7","-20","-40","0.656"
"0.7","-20","-20","0.654"
"0.7","-20","0","0.656"
"0.7","-20","20","0.66"
"0.7","-20","40","0.66"
"0.7","-20","60","0.663"
"0.7","-20","80","0.667"
"0.7","0","-80","0.659"
"0.7","0","-60","0.654"
"0.7","0","-40","0.653"
"0.7","0","-20","0.65"
"0.7","0","0","0.653"
"0.7","0","20","0.657"
"0.7","0","40","0.657"
"0.7","0","60","0.661"
"0.7","0","80","0.666"
"0.7","20","-80","0.664"
"0.7","20","-60","0.658"
"0.7","20","-40","0.653"
"0.7","20","-20","0.655"
"0.7","20","0","0.654"
"0.7","20","20","0.66"
"0.7","20","40","0.658"
"0.7","20","60","0.664"
"0.7","20","80","0.668"
"0.7","40","-80","0.663"
"0.7","40","-60","0.656"
"0.7","40","-40","0.655"
"0.7","40","-20","0.654"
"0.7","40","0","0.655"
"0.7","40","20","0.656"
"0.7","40","40","0.659"
"0.7","40","60","0.665"
"0.7","40","80","0.668"
"0.7","60","-80","0.664"
"0.7","60","-60","0.66"
"0.7","60","-40","0.656"
"0.7","60","-20","0.656"
"0.7","60","0","0.657"
"0.7","60","20","0.662"
"0.7","60","40","0.661"
"0.7","60","60","0.666"
"0.7","60","80","0.671"
"0.7","80","-80","0.67"
"0.7","80","-60","0.664"
"0.7","80","-40","0.661"
"0.7","80","-20","0.661"
"0.7","80","0","0.663"
"0.7","80","20","0.664"
"0.7","80","40","0.664"
"0.7","80","60","0.671"
"0.7","80","80","0.674"